{
  "version": "1.0",
  "name": "api_handler",
  "func_name": "handler.lambda_handler",
  "resource_type": "lambda",
  "iam_role_name": "api_handler-role",
  "runtime": "python3.10",
  "memory": 128,
  "timeout": 100,
  "lambda_path": "lambdas\\api_handler",
  "dependencies": [],
  "event_sources": [],
  "env_variables": {
    "RESERVATIONS": "${reservations_table}",
    "TABLES": "${tables_table}",
    "USER_POOL": "${booking_userpool}"
  },
  "publish_version": false,
  "alias": "${lambdas_alias_name}",
  "url_config": {},
  "ephemeral_storage": 512,
  "logs_expiration": "${logs_expiration}"
}