{
  "openapi": "3.0.1",
  "info": {
    "title": "task11_api",
    "version": "2024-07-22T17:43:48Z"
  },
  "servers": [
    {
      "url": "https://qkc8ggvc5k.execute-api.eu-central-1.amazonaws.com/{basePath}",
      "variables": {
        "basePath": {
          "default": "api"
        }
      }
    }
  ],
  "paths": {
    "/reservations": {
      "get": {
        "description": "Path /reservations, method GET",
        "summary": "Path /reservations, method GET",
        "responses": {
          "200": {
            "description": "200 response",
            "headers": {
              "Access-Control-Allow-Origin": {
                "schema": {
                  "type": "string"
                }
              }
            },
            "content": {
              "application/json": {
                "schema": {
                  "$ref": "#/components/schemas/Empty"
                }
              }
            }
          }
        },
        "security": [
          {
            "task11_api_authorizer": []
          }
        ],
        "x-amazon-apigateway-integration": {
          "httpMethod": "POST",
          "uri": "arn:aws:apigateway:eu-central-1:lambda:path/2015-03-31/functions/arn:aws:lambda:eu-central-1:196241772369:function:api_handler/invocations",
          "responses": {
            "default": {
              "statusCode": "200",
              "responseParameters": {
                "method.response.header.Access-Control-Allow-Origin": "'*'"
              }
            }
          },
          "passthroughBehavior": "when_no_match",
          "type": "aws_proxy"
        }
      },
      "post": {
        "description": "Path /reservations, method POST",
        "summary": "Path /reservations, method POST",
        "responses": {
          "200": {
            "description": "200 response",
            "headers": {
              "Access-Control-Allow-Origin": {
                "schema": {
                  "type": "string"
                }
              }
            },
            "content": {
              "application/json": {
                "schema": {
                  "$ref": "#/components/schemas/Reservations"
                }
              }
            }
          }
        },
        "requestBody": {
          "required": true,
          "content": {
            "application/json": {
              "schema": {
                "$ref": "#/components/schemas/Reservations"
              }
            }
          }
        },
        "security": [
          {
            "task11_api_authorizer": []
          }
        ],
        "x-amazon-apigateway-integration": {
          "httpMethod": "POST",
          "uri": "arn:aws:apigateway:eu-central-1:lambda:path/2015-03-31/functions/arn:aws:lambda:eu-central-1:196241772369:function:api_handler/invocations",
          "responses": {
            "default": {
              "statusCode": "200",
              "responseParameters": {
                "method.response.header.Access-Control-Allow-Origin": "'*'"
              }
            }
          },
          "passthroughBehavior": "when_no_match",
          "type": "aws_proxy"
        }
      }
    },
    "/tables": {
      "get": {
        "description": "Path /tables, method GET",
        "summary": "Path /tables, method GET",
        "responses": {
          "200": {
            "description": "200 response",
            "headers": {
              "Access-Control-Allow-Origin": {
                "schema": {
                  "type": "string"
                }
              }
            },
            "content": {
              "application/json": {
                "schema": {
                  "$ref": "#/components/schemas/Empty"
                }
              }
            }
          }
        },
        "security": [
          {
            "task11_api_authorizer": []
          }
        ],
        "x-amazon-apigateway-integration": {
          "httpMethod": "POST",
          "uri": "arn:aws:apigateway:eu-central-1:lambda:path/2015-03-31/functions/arn:aws:lambda:eu-central-1:196241772369:function:api_handler/invocations",
          "responses": {
            "default": {
              "statusCode": "200",
              "responseParameters": {
                "method.response.header.Access-Control-Allow-Origin": "'*'"
              }
            }
          },
          "passthroughBehavior": "when_no_match",
          "type": "aws_proxy"
        }
      },
      "post": {
        "description": "Path /tables, method POST",
        "summary": "Path /reservations, method POST",
        "responses": {
          "200": {
            "description": "200 response",
            "headers": {
              "Access-Control-Allow-Origin": {
                "schema": {
                  "type": "string"
                }
              }
            },
            "content": {
              "application/json": {
                "schema": {
                  "$ref": "#/components/schemas/Tables"
                }
              }
            }
          }
        },
        "requestBody": {
          "required": true,
          "content": {
            "application/json": {
              "schema": {
                "$ref": "#/components/schemas/Tables"
              }
            }
          }
        },
        "security": [
          {
            "task11_api_authorizer": []
          }
        ],
        "x-amazon-apigateway-integration": {
          "httpMethod": "POST",
          "uri": "arn:aws:apigateway:eu-central-1:lambda:path/2015-03-31/functions/arn:aws:lambda:eu-central-1:196241772369:function:api_handler/invocations",
          "responses": {
            "default": {
              "statusCode": "200",
              "responseParameters": {
                "method.response.header.Access-Control-Allow-Origin": "'*'"
              }
            }
          },
          "passthroughBehavior": "when_no_match",
          "type": "aws_proxy"
        }
      }
    },
    "/signin": {
      "post": {
        "description": "Path /signin, method POST",
        "summary": "Path /signin, method POST",
        "responses": {
          "200": {
            "description": "200 response",
            "headers": {
              "Access-Control-Allow-Origin": {
                "schema": {
                  "type": "string"
                }
              }
            },
            "content": {
              "application/json": {
                "schema": {
                  "$ref": "#/components/schemas/Signin"
                }
              }
            }
          }
        },
        "requestBody": {
          "required": true,
          "content": {
            "application/json": {
              "schema": {
                "$ref": "#/components/schemas/Signin"
              }
            }
          }
        },
        "x-amazon-apigateway-integration": {
          "httpMethod": "POST",
          "uri": "arn:aws:apigateway:eu-central-1:lambda:path/2015-03-31/functions/arn:aws:lambda:eu-central-1:196241772369:function:api_handler/invocations",
          "responses": {
            "default": {
              "statusCode": "200",
              "responseParameters": {
                "method.response.header.Access-Control-Allow-Origin": "'*'"
              }
            }
          },
          "passthroughBehavior": "when_no_match",
          "type": "aws_proxy"
        }
      }
    },
    "/tables/{tableId}": {
      "get": {
        "description": "Path /tables/{tableId}, method GET",
        "summary": "Path /tables/{tableId}, method GET",
        "parameters": [
          {
            "name": "tableId",
            "in": "path",
            "required": true,
            "schema": {
              "type": "string"
            }
          }
        ],
        "responses": {
          "200": {
            "description": "200 response",
            "headers": {
              "Access-Control-Allow-Origin": {
                "schema": {
                  "type": "string"
                }
              }
            },
            "content": {
              "application/json": {
                "schema": {
                  "$ref": "#/components/schemas/Empty"
                }
              }
            }
          }
        },
        "security": [
          {
            "task11_api_authorizer": []
          }
        ],
        "x-amazon-apigateway-integration": {
          "httpMethod": "POST",
         
          "uri": "arn:aws:apigateway:eu-central-1:lambda:path/2015-03-31/functions/arn:aws:lambda:eu-central-1:196241772369:function:api_handler/invocations",
          "responses": {
            "default": {
              "statusCode": "200",
              "responseParameters": {
                "method.response.header.Access-Control-Allow-Origin": "'*'"
              }
            }
          },
          "passthroughBehavior": "when_no_match",
          "type": "aws_proxy"
        }
      }
    },
    "/signup": {
      "post": {
        "description": "Path /signup, method POST",
        "summary": "Path /signup, method POST",
        "responses": {
          "200": {
            "description": "200 response",
            "headers": {
              "Access-Control-Allow-Origin": {
                "schema": {
                  "type": "string"
                }
              }
            },
            "content": {
              "application/json": {
                "schema": {
                  "$ref": "#/components/schemas/Signup"
                }
              }
            }
          }
        },
        "requestBody": {
          "required": true,
          "content": {
            "application/json": {
              "schema": {
                "$ref": "#/components/schemas/Signup"
              }
            }
          }
        },
        "x-amazon-apigateway-integration": {
          "httpMethod": "POST",
          "uri": "arn:aws:apigateway:eu-central-1:lambda:path/2015-03-31/functions/arn:aws:lambda:eu-central-1:196241772369:function:api_handler/invocations",
          "responses": {
            "default": {
              "statusCode": "200",
              "responseParameters": {
                "method.response.header.Access-Control-Allow-Origin": "'*'"
              }
            }
          },
          "passthroughBehavior": "when_no_match",
          "type": "aws_proxy"
        }
      }
    }
  },
  "components": {
    "schemas": {
      "Signup": {
        "type": "object",
        "properties": {
          "firstName": {
            "type": "string"
          },
          "lastName": {
            "type": "string"
          },
          "email": {
            "type": "string",
            "format": "email"
          },
          "password": {
            "type": "string"
          }
        },
        "required": ["firstName", "lastName", "email", "password"]
      },
      "Signin": {
        "type": "object",
        "properties": {
          "email": {
            "type": "string",
            "format": "email"
          },
          "password": {
            "type": "string"
          }
        },
        "required": ["email", "password"]
      },
      "Tables": {
        "type": "object",
        "properties": {
          "id": {
            "type": "integer"
          },
          "number": {
            "type": "integer"
          },
          "places": {
            "type": "integer"
          },
          "isVip": {
            "type": "boolean"
          },
          "minOrder": {
            "type": "integer"
          }
        },
        "required": ["id", "number", "places", "isVip", "minOrder"]
      },
      "Reservations": {
        "type": "object",
        "properties": {
          "tableNumber": {
            "type": "integer"
          },
          "clientName": {
            "type": "string"
          },
          "phoneNumber": {
            "type": "string"
          },
          "date": {
            "type": "string",
            "format": "date"
          },
          "slotTimeStart": {
            "type": "string"
          },
          "slotTimeEnd": {
            "type": "string"
          }
        },
        "required": ["tableNumber", "clientName", "phoneNumber", "date", "slotTimeStart", "slotTimeEnd"]
      },
      "Empty": {
        "title": "Empty Schema",
        "type": "object"
      }
    },
    "securitySchemes": {
      "task11_api_authorizer": {
        "type": "apiKey",
        "name": "Authorization",
        "in": "header",
        "x-amazon-apigateway-authtype": "cognito_user_pools",
        "x-amazon-apigateway-authorizer": {
          "x-syndicate-cognito-userpool-names": ["simple-booking-userpool"],
          "type": "cognito_user_pools"
        }
      }
    }
  }
}
